20170001,Bui Thanh Duy,121224235,28/3/1998,Nam,duylunlxag@gmail.com,KTX khu B DHQG,6/3/2017,6/3/2021
20180020,Nguyen Thanh Hung,243641209,12/2/1999,Nam,thanhhung34@gmail.com,KTX khu B DHQG,9/9/2018,9/9/2022
20180982,Tran My Han,968325432,23/2/1999,Nu,tranmyhan@gmail.com,12/3  Tran Hung Dao - Quan 1,30/9/2018,30/9/2022
20190204,Hoang Duoc Lam,109215345,5/8/2000,Nu,hoangduoclam@gmail.com,KTX khu B DHQG,17/8/2019,17/8/2023
20190074,Le Phuong Nghi,128653452,1/10/2000,Nu,phuongnghi27@gmail.com,112B Pham Ngu Lao - Quan 7,20/4/2019,20/4/2023
20200123,Huynh Thanh Tuyen,351231231,2/1/2001,Nu,h.th.tn@gmail.com,KTX khu B DHQG,8/7/2020,8/7/2024
20200912,Pham Trung Kien,369571241,12/5/2001,Nam,kienpham@gmail.com,KTX khu A DHQG,1/7/2020,1/7/2024
20201024,Le Tong Thien Nhan,371312789,9/12/2001,Nam,nhan912@gmail.com,KTX khu A DHQG,1/7/2020,1/7/2024
